airport_id,city,state
01A,Afognak Lake,AK
03A,Granite Mountain,AK
04A,Lik,AK
05A,Little Squaw,AK
05K,Port Alsworth,AK
06A,Kizhuyak,AK
07A,Klawock,AK
08A,Elizabeth Island,AK
09A,Homer,AK
1AK,Mertarvik,AK
1B1,Hudson,NY
1CA,Rio Vista,CA
1CT,Somers,CT
1FL,Titusville,FL
1G4,Peach Springs,AZ
1GA,Hampton,GA
1N7,Blairstown,NJ
1NC,Roanoke Rapids,NC
1NJ,Andover,NJ
1NY,Penn Yan,NY
1OH,Willoughby,OH
1PA,Connellsville,PA
1TN,Lexington Parsons,TN
1TX,Dumas,TX
1VA,Warrenton,VA
1WA,Deer Park,WA
2AK,Deerpark,AK
2CA,Delano,CA
2FL,West Palm Beach,FL
2GA,Camilla,GA
2NC,Asheboro,NC
2NJ,Williamstown,NJ
2NY,Port Washington,NY
2OH,Coshocton,OH
2PA,Philadelphia,PA
2TN,Dayton,TN
2TX,Brenham,TX
2VA,Williamsburg,VA
2WA,Tacoma,WA
2WK,Odessa,WA
3AK,Tintina,AK
3CA,Garberville,CA
3FL,Wauchula,FL
3GA,Blakely,GA
3NC,Hendersonville,NC
3NJ,Camden,NJ
3NY,Suffolk,NY
3PA,Conshohocken,PA
3TN,Elizabethon,TN
3TX,Lancaster,TX
3VA,West Point,VA
4AK,North Pole,AK
4CA,Davis,CA
4CL,El Mirage,CA
4FL,Quincy,FL
4GA,Atlanta,GA
4NC,Andrews,NC
4NJ,Pomona,NJ
4NY,Millbrook,NY
4PA,Bensalem,PA
4PN,Eagles Mere,PA
4TX,Lajitas,TX
5AK,Lawing,AK
5CA,Palmdale,CA
5FL,Apalachicola,FL
5GA,Calhoun,GA
5NJ,Newark,NJ
5NY,Malone,NY
5PA,Allentown,PA
5TX,Edinburg,TX
6AK,Newtok,AK
6B0,Middlebury,VT
6CA,Little River,CA
6FL,Arcadia,FL
6GA,Cornelia,GA
6NJ,Atlantic City,NJ
6NY,New York,NY
6PA,Chambersburg,PA
6TX,Leakey,TX
7AK,Akun,AK
7CA,Lincoln,CA
7FL,West Palm Beach,FL
7NJ,East Rutherford,NJ
7NY,New York,NY
7TX,Graford,TX
81W,Lopez Island,WA
8AK,Nuiqsut,AK
8F3,Crosbyton,TX
8FL,Keystone Heights,FL
8NJ,Kearny,NJ
8NY,New York,NY
8TX,Waco,TX
9AK,Palmer,AK
9NY,Shelter Island,NY
9TX,Center,TX
A01,Fairbanks/Ft. Wainwright,AK
A02,Deadmans Bay,AK
A03,Hallo Bay,AK
A04,Red Lake,AK
A05,Shell Lake,AK
A06,Kougarok,AK
A07,Selawik,AK
A08,Pillar Bay,AK
A09,Johnstone Point,AK
A11,Bell Creek,AK
A12,Cinnabar,AK
A13,Mountaintop Mine,AK
A14,Whitebear,AK
A15,Puviaq,AK
A16,Arley Lake,AK
A17,Port Vita,AK
A18,Kantishna,AK
A1K,Deadhorse1,AK
A1L,Cullman,AL
A20,Alpine,AK
A21,Serpentine,AK
A22,Driftwood Bay,AK
A23,Bradley Lake,AK
A24,Chilkat Lake,AK
A25,Nugget Creek,AK
A26,Ivotuk,AK
A27,Pogo Mines,AK
A28,Ayakulik River,AK
A29,Kiluda Bay,AK
A2K,Bartletts,AK
A2L,Fort Payne,AL
A30,Terror Lake,AK
A31,Selief Bay,AK
A34,Laura Lake,AK
A35,Kaktovik,AK
A36,Deep Bay,AK
A37,Kako,AK
A38,Molly Creek,AK
A39,Ptarmigan Lake,AK
A3K,Smith Bay,AK
A40,Cape Simpson,AK
A41,Kogru River,AK
A42,Teshepkuk Lake,AK
A43,Kodiak Island,AK
A45,Lake Florence,AK
A46,Lake Hasselborg,AK
A47,Distin Lake,AK
A48,Port Hobron,AK
A49,Mooseville Airstrip,AK
A4K,Dune Lake,AK
A50,Big Bay,AK
A51,Wien Lake,AK
A52,Silver Salmon Creek,AK
A53,Blear Lake,AK
A54,Cannery Bay,AK
A56,Bear Lake,AK
A57,International Seafoods,AK
A58,Cosna River,AK
A59,Ivatuk,AK
A5K,Paxson,AK
A61,Cape Sarichef,AK
A62,Taylor Mountain Mine,AK
A63,Yukon Charley Rivvers,AK
A65,Karluk Portage,AK
A66,Hope,AK
A67,Viekoda Bay,AK
A69,Cold Bay,AK
A6K,Fairbanks1,AK
A70,Village Islands,AK
A71,Homer,AK
A72,Chinitna Bay,AK
A73,McKinley Park,AK
A74,Nanwalek,AK
A75,Malina Bay,AK
A76,Red Fox Bay,AK
A77,Shearwater,AK
A78,Cape Simpson,AK
A79,Cape Simpson,AK
A7K,Nakochna,AK
A80,Cape Simpson,AK
A81,Aglaq,AK
A82,Nikiski,AK
A83,Petrof Point,AK
A84,Denali,AK
A85,Big River,AK
A87,Carry Inlet,AK
A89,Montague Island,AK
A8K,Granite Point,AK
A90,Shannon Pond,AK
A91,Omalik Lagoon,AK
A92,Omolik Lagoon,AK
A93,Bradley Lake Project,AK
A94,Barrow,AK
A95,Barrow,AK
A96,Barrow,AK
A97,Akulik,AK
A98,Deadfall,AK
A99,Eagle Creek,AK
A9K,Healy,AK
AA1,Bethel,AK
AA2,Naknek-1,AK
AA4,Kachemak Bay,AK
AA5,Selby Lake,AK
AA7,Independence Creek,AK
AA8,Deadhorse,AK
AA9,Napaimute,AK
AAF,Apalachicola,FL
ABE,Allentown/Bethlehem/Easton,PA
ABI,Abilene,TX
ABL,Ambler,AK
ABQ,Albuquerque,NM
ABR,Aberdeen,SD
ABY,Albany,GA
ACB,Bellaire,MI
ACK,Nantucket,MA
ACT,Waco,TX
ACV,Arcata/Eureka,CA
ACY,Atlantic City,NJ
ADK,Adak Island,AK
ADM,Ardmore,OK
ADQ,Kodiak,AK
ADS,Dallas,TX
ADT,Ada,OK
ADW,Camp Springs,MD
AED,Aleneva,AK
AET,Allakaket,AK
AEX,Alexandria,LA
AFF,Colorado Springs,CO
AFK,Nebraska,NE
AFM,Ambler,AK
AFO,Afton,WY
AFP,Wadesboro,NC
AFW,Dallas/Fort Worth,TX
AGC,Pittsburgh,PA
AGN,Angoon,AK
AGS,Augusta,GA
AHD,Ardmore,OK
AHN,Athens,GA
AHT,Amchitka Island,AK
AIA,Alliance,NE
AIB,Anita Bay,AK
AID,Anderson,IN
AIK,Aiken,SC
AIN,Wainwright,AK
AIO,Atlantic,IA
AIY,Atlantic City,NJ
AIZ,Lake of the Ozarks,MO
AK1,Seward Peninsula,AK
AK2,Bear Fish Camp,AK
AK3,Fairbanks,AK
AK4,Squaw Lake,AK
AK5,Qugruc,AK
AK6,Gold King 2,AK
AK7,Rampart,AK
AK8,Zips,AK
AK9,Tolstoi Bay,AK
AKB,Atka,AK
AKC,Akron,OH
AKI,Akiak,AK
AKK,Akhiok,AK
AKN,King Salmon,AK
AKO,Akron,CO
AKP,Anaktuvuk Pass,AK
AL1,Albertville,AL
AL2,Alabaster,AL
AL3,Huntsville,AL
AL4,Andalusia/Opp,AL
AL5,Demopolis,AL
AL6,Fairhope,AL
AL7,Jasper,AL
AL8,Scottsboro,AL
AL9,Sylacauga,AL
ALB,Albany,NY
ALE,Alpine,TX
ALI,Alice,TX
ALM,Alamogordo,NM
ALN,Alton,IL
ALO,Waterloo,IA
ALS,Alamosa,CO
ALW,Walla Walla,WA
ALX,Alexander City,AL
ALZ,Lazy Bay,AK
AMA,Amarillo,TX
AMK,Durango,CO
AMN,Alma,MI
AMW,Ames,IA
ANA,Anaheim,CA
ANB,Anniston,AL
ANC,Anchorage,AK
AND,Anderson,SC
ANI,Aniak,AK
ANN,Annette,AK
ANP,Annapolis,MD
ANV,Anvik,AK
ANW,Ainsworth,NE
AOH,Lima,OH
AOO,Altoona,PA
AOS,Amook Bay,AK
APA,Denver,CO
APC,Napa,CA
APF,Naples,FL
APG,Aberdeen,MD
APH,Fort A P Hill,VA
APN,Alpena,MI
APT,Jasper,TN
APV,Apple Valley,CA
AQY,Girdwood,AK
AR1,Russellville,AR
AR2,Conway,AR
AR3,Bentonville,AR
AR4,Colt,AR
ARA,New Iberia,LA
ARB,Ann Arbor,MI
ARC,Arctic Village,AK
ARG,Walnut Ridge,AR
ART,Watertown,NY
ARV,Minocqua/Woodruff,WI
ARX,Asbury Park,NJ
ASE,Aspen,CO
ASH,Nashua,NH
ASL,Marshall,TX
ASN,Talladega,AL
ASQ,Austin,NV
AST,Astoria/Seaside,OR
ASX,Ashland,WI
ASY,Ashley,ND
ATE,Antlers,OK
ATK,Atqasuk,AK
ATL,Atlanta,GA
ATO,Athens,OH
ATS,Artesia,NM
ATT,Atmautluak,AK
ATU,Attu,AK
ATW,Appleton,WI
ATY,Watertown,SD
AUG,Augusta/Waterville,ME
AUK,Alakanuk,AK
AUM,Austin/Albert Lea,MN
AUN,Auburn,CA
AUO,Auburn,AL
AUS,Austin,TX
AUW,Wausau,WI
AUZ,Aurora,IL
AVL,Asheville,NC
AVO,Avon Park,FL
AVP,Scranton/Wilkes-Barre,PA
AVW,Tucson,AZ
AVX,Avalon,CA
AWM,West Memphis,AR
AWX,Andrews,TX
AXB,Alexandria Bay,NY
AXN,Alexandria,MN
AXS,Altus,OK
AXV,Wapakoneta,OH
AXX,Eagle Nest,NM
AYS,Waycross,GA
AZ1,Grand Canyon,AZ
AZ2,Williams,AZ
AZ3,Glendale,AZ
AZ4,Salome,AZ
AZ5,Springerville,AZ
AZ6,Gila Bend,AZ
AZ7,Colorado City,AZ
AZ8,Green Valley,AZ
AZ9,Coolidge,AZ
AZA,Phoenix,AZ
AZO,Kalamazoo,MI
B19,Biddeford,ME
B21,Carrabassett,ME
BAB,Marysville,CA
BAD,Shreveport,LA
BAF,Westfield,MA
BAM,Battle Mountain,NV
BAR,Baker Island,AK
BBC,Bay City,TX
BBD,Brady,TX
BBF,Burlington,MA
BBW,Broken Bow,NE
BBX,Blue Bell,PA
BCB,Blacksburg,VA
BCC,Bear Creek,AK
BCE,Bryce Canyon,UT
BCJ,Crestone,CO
BCS,Belle Chasse,LA
BCT,Boca Raton,FL
BDE,Baudette,MN
BDG,Blanding,UT
BDL,Hartford,CT
BDR,Bridgeport,CT
BDY,Bandon,OR
BEC,Wichita,KS
BED,Bedford,MA
BEH,Benton Harbor/St. Joseph,MI
BET,Bethel,AK
BFB,Blue Fox Bay,AK
BFD,Bradford,PA
BFF,Scottsbluff,NE
BFG,Glen Canyon,UT
BFI,Seattle,WA
BFK,Aurora,CO
BFL,Bakersfield,CA
BFM,Mobile,AL
BFP,Beaver Falls,PA
BFR,Bedford,IN
BFT,Beaufort,SC
BGD,Borger,TX
BGE,Bainbridge,GA
BGM,Binghamton,NY
BGQ,Big Lake,AK
BGR,Bangor,ME
BGS,Big Spring,TX
BGT,Bagdad,AZ
BHB,Bar Harbor,ME
BHC,Bullhead City,AZ
BHM,Birmingham,AL
BIC,Big Creek,AK
BID,Block Island,RI
BIE,Beatrice,NE
BIF,El Paso,TX
BIG,Big Delta,AK
BIH,Bishop,CA
BIL,Billings,MT
BIS,Bismarck/Mandan,ND
BIX,Biloxi,MS
BJC,Broomfield,CO
BJI,Bemidji,MN
BJJ,Wooster,OH
BKC,Buckland,AK
BKE,Baker,OR
BKF,Brooks Lake,AK
BKG,Branson,MO
BKL,Cleveland,OH
BKT,Blackstone,VA
BKW,Beckley,WV
BKX,Brookings,SD
BLD,Boulder City,NV
BLF,Princeton/Bluefield,WV
BLH,Blythe,CA
BLI,Bellingham,WA
BLM,Belmar/Farmingdale,NJ
BLV,Belleville,IL
BMC,Brigham City,UT
BMG,Bloomington,IN
BMI,Bloomington/Normal,IL
BML,Berlin,NH
BMT,Beaumont,TX
BMX,Big Mountain,AK
BNA,Nashville,TN
BNF,Baranof,AK
BNG,Banning,CA
BNH,Boston,MA
BNL,Barnwell,SC
BNO,Burns,OR
BOI,Boise,ID
BOK,Brookings,OR
BOS,Boston,MA
BOW,Bartow,FL
BPI,Big Piney,WY
BPT,Beaumont/Port Arthur,TX
BQK,Brunswick,GA
BQV,Bartlett Cove,AK
BRD,Brainerd,MN
BRG,Whitesburg,KY
BRL,Burlington,IA
BRO,Brownsville,TX
BRW,Barrow,AK
BRY,Bardstown,KY
BSM,Austin,TX
BSQ,Bisbee,AZ
BSW,Boswell Bay,AK
BTI,Barter Island,AK
BTL,Battle Creek,MI
BTM,Butte,MT
BTP,Butler,PA
BTR,Baton Rouge,LA
BTT,Bettles,AK
BTV,Burlington,VT
BTY,Beatty,NV
BUF,Buffalo,NY
BUM,Butler,MO
BUR,Burbank,CA
BVD,Beaver Inlet,AK
BVO,Bartlesville,OK
BVR,St. James,MI
BVU,Beluga,AK
BVX,Batesville,AR
BVY,Beverly,MA
BWC,Brawley,CA
BWD,Brownwood,TX
BWG,Bowling Green,KY
BWI,Baltimore,MD
BWM,Bowman,ND
BWS,Blaine,WA
BXC,Boxborough,MA
BXK,Buckeye,AZ
BXS,Borrego Springs,CA
BYA,Boundary,AK
BYG,Buffalo,WY
BYH,Blytheville,AR
BYI,Burley/Rupert,ID
BYW,Blakely Island,WA
BZN,Bozeman,MT
BZS,Washington,DC
BZT,Brazoria,TX
C01,Camarillo,CA
C02,Bakersfield,CA
C1A,Patterson,CA
CA6,Chemehuevi Valley,CA
CA7,Tracy,CA
CAD,Cadillac,MI
CAE,Columbia,SC
CAK,Akron,OH
CAR,Caribou,ME
CBA,Corner Bay,AK
CBE,Cumberland,MD
CBF,Council Bluffs,IA
CBK,Colby,KS
CBM,Columbus,MS
CCR,Concord,CA
CCY,Charles City,IA
CDB,Cold Bay,AK
CDC,Cedar City,UT
CDH,Camden,AR
CDL,Candle,AK
CDN,Camden,SC
CDR,Chadron,NE
CDV,Cordova,AK
CDW,Caldwell,NJ
CEA,Wichita,KS
CEC,Crescent City,CA
CEF,Chicopee Falls,MA
CEM,Central,AK
CEU,Clemson,SC
CEV,Connersville,IN
CEW,Crestview,FL
CEX,Chena Hot Springs,AK
CEY,Murray,KY
CEZ,Cortez,CO
CFA,Coffee Point,AK
CFT,Clifton,AZ
CFV,Coffeyville,KS
CGA,Craig,AK
CGE,Cambridge,MD
CGF,Cleveland,OH
CGI,Cape Girardeau,MO
CGS,College Park,MD
CGX,Chicago,IL
CGZ,Casa Grande,AZ
CHA,Chattanooga,TN
CHD,Chandler,AZ
CHI,Chicago,IL
CHL,Challis,ID
CHO,Charlottesville,VA
CHP,Circle Hot Springs,AK
CHS,Charleston,SC
CHU,Chuathbaluk,AK
CHZ,Chiloquin,OR
CIB,Avalon,CA
CIC,Chico,CA
CID,Cedar Rapids/Iowa City,IA
CIG,Craig,CO
CIK,Chalkyitsik,AK
CIL,Council,AK
CIN,Carroll,IA
CIR,Cairo,IL
CIU,Sault Ste. Marie,MI
CIV,Chomley,AK
CJI,Crafton Island,AK
CJR,Culpeper,VA
CJW,Clay Center,KS
CKB,Clarksburg/Fairmont,WV
CKD,Crooked Creek,AK
CKE,Clear Lake,CA
CKM,Clarksdale,MS
CKU,Cordova,AK
CKV,Clarksville,TN
CKX,Chicken,AK
CLC,Clear Lake City,TX
CLD,Carlsbad,CA
CLE,Cleveland,OH
CLF,Clear,AK
CLG,Coalinga,CA
CLI,Clintonville,WI
CLK,Clinton,OK
CLL,College Station/Bryan,TX
CLM,Port Angeles,WA
CLP,Clarks Point,AK
CLR,Calipatria,CA
CLS,Chehalis,WA
CLT,Charlotte,NC
CLU,Columbus,IN
CMH,Columbus,OH
CMI,Champaign/Urbana,IL
CMX,Hancock/Houghton,MI
CNE,Canon City,CO
CNK,Concordia,KS
CNM,Carlsbad,NM
CNO,Chino,CA
CNW,Waco,TX
CNY,Moab,UT
CO1,Monte Vista,CO
CO3,Marina,CA
CO6,Buena,CO
CO7,Meeker,CO
COA,Columbia,CA
COD,Cody,WY
COE,Coeur d'Alene,ID
COF,Cocoa Beach,FL
COM,Coleman,TX
CON,Concord,NH
COS,Colorado Springs,CO
COT,Cotulla,TX
COU,Columbia,MO
CPR,Casper,WY
CPS,St. Louis,MO
CQL,Carbondale,CO
CQW,Cheraw,SC
CRE,Myrtle Beach,SC
CRG,Jacksonville,FL
CRP,Corpus Christi,TX
CRS,Corsicana,TX
CRW,Charleston/Dunbar,WV
CRX,Corinth,MS
CSE,Crested Butte,CO
CSG,Columbus,GA
CSM,Clinton,OK
CSN,Carson City,NV
CSP,Cape Spencer,AK
CSU,Cape Sabine,AK
CSV,Crossville,TN
CT1,Plainville,CT
CT2,Simsbury,CT
CT3,Willimantic,CT
CT4,New Milford,CT
CT5,Danielson,CT
CT6,East Haddam,CT
CT7,Chester,CT
CT8,Belie Haven,CT
CT9,Meriden,CT
CTB,Cut Bank,MT
CTH,Coatesville,PA
CTO,Calverton,NY
CTW,Cottonwood,AZ
CTX,Cortland,NY
CTY,Cross City,FL
CTZ,Clinton,NC
CUB,Columbia,SC
CUW,Cube Cove,AK
CVA,Pittsburgh,PA
CVG,Cincinnati,OH
CVN,Clovis,NM
CVO,Corvallis,OR
CVS,Clovis,NM
CVX,Charlevoix,MI
CWA,Mosinee,WI
CWF,Lake Charles,LA
CWI,Clinton,IA
CWS,Center Island,WA
CXC,Chitina,AK
CXF,Coldfoot,AK
CXL,Calexico,CA
CXO,Conroe,TX
CYF,Chefornak,AK
CYM,Chatham,AK
CYS,Cheyenne,WY
CYT,Cape Yakataga,AK
CZC,Copper Center,AK
CZF,Cape Romanzof,AK
CZN,Chisana,AK
CZO,Chistochina,AK
CZP,Cape Pole,AK
DAB,Daytona Beach,FL
DAG,Daggett,CA
DAL,Dallas,TX
DAN,Danville,VA
DAY,Dayton,OH
DBN,Dublin,GA
DBQ,Dubuque,IA
DCA,Washington,DC
DCK,Dahl Creek,AK
DCU,Decatur,AL
DDC,Dodge City,KS
DE2,Middletown,DE
DE3,Dover-Cheswold,DE
DEC,Decatur,IL
DEH,Decorah,IA
DEN,Denver,CO
DET,Detroit,MI
DFI,Defiance,OH
DFW,Dallas/Fort Worth,TX
DGB,Danger Bay,AK
DGW,Douglas,WY
DHB,Deer Harbor,WA
DHN,Dothan,AL
DHT,Dalhart,TX
DIK,Dickinson,ND
DIO,Diomede Island,AK
DJN,Delta Junction,AK
DKK,Dunkirk,NY
DLF,Del Rio,TX
DLG,Dillingham,AK
DLH,Duluth,MN
DLL,Dillon,SC
DLO,Dolomi,AK
DLS,The Dalles,OR
DMA,Tucson,AZ
DMN,Deming,NM
DMO,Sedalia,MO
DNC,Duncan Canal,AK
DNE,Dallas/Fort Worth,TX
DNL,Augusta,GA
DNN,Dalton,GA
DNV,Danville,IL
DOF,Dora Bay,AK
DOV,Dover,DE
DPA,Chicago,IL
DPG,Dugway,UT
DQC,Sebastian,FL
DQD,Soda Springs,ID
DQE,Holtville,CA
DQF,Phoenix,AZ
DQH,Alpine,AK
DQI,Colusa,CA
DQJ,Killdeer,ND
DQK,Fort Drum,NY
DQL,Anchorage,AK
DQN,New Smyrna Beach,FL
DQO,Delhi,LA
DQP,Georgetown,KY
DQQ,Cozad,NE
DQR,Peach Springs,AZ
DQS,Whitmore,AZ
DQU,Ketchikan,AK
DQV,Haines,AK
DQW,Peach Springs,AZ
DQX,Tsui River,AK
DQY,Cape Canaveral,FL
DQZ,Platinum,AK
DRA,Mercury,NV
DRE,Drummond Island,MI
DRF,Drift River,AK
DRG,Deering,AK
DRO,Durango,CO
DRT,Del Rio,TX
DRU,Drummond,MT
DSI,Destin,FL
DSM,Des Moines,IA
DTA,Delta,UT
DTH,Death Valley,CA
DTL,Detroit Lakes,MN
DTN,Shreveport,LA
DTO,Denton,TX
DTR,Decatur Island,WA
DTT,Detroit,MI
DTW,Detroit,MI
DUA,Durant,OK
DUC,Duncan,OK
DUF,Duck,NC
DUG,Douglas,AZ
DUJ,DuBois,PA
DUT,Unalaska,AK
DVL,Devils Lake,ND
DVN,Davenport,IA
DVT,Phoenix,AZ
DWA,Davis/Woodland/Winters,CA
DWH,Houston,TX
DWS,Orlando,FL
DXR,Danbury,CT
DYL,Doylestown,PA
DYS,Abilene,TX
EAA,Eagle,AK
EAG,Noatak,AK
EAN,Wheatland,WY
EAR,Kearney,NE
EAT,Wenatchee,WA
EAU,Eau Claire,WI
ECA,East Tawas,MI
ECG,Elizabeth City,NC
ECP,Panama City,FL
ECS,Newcastle,WY
ECU,Rocksprings,TX
EDA,Edna Bay,AK
EDE,Edenton,NC
EDF,Anchorage,AK
EDW,Edwards,CA
EED,Needles,CA
EEK,Eek,AK
EEN,Keene,NH
EFB,Eight Fathom Bight,AK
EFD,Houston,TX
EFK,Newport,VT
EGA,Chenega,AK
EGE,Eagle,CO
EGI,Crestview,FL
EGP,Eagle Pass,TX
EGT,Wellington,KS
EGV,Eagle River,WI
EGX,Egegik,AK
EHM,Cape Newenham,AK
EHR,Eagle Harbor,AK
EHT,East Hartford,CT
EIL,Fairbanks,AK
EKA,Eureka,CA
EKI,Elkhart,IN
EKN,Elkins,WV
EKO,Elko,NV
EKX,Elizabethtown,KY
EKY,Bessemer,AL
ELA,Eagle Lake,TX
ELD,El Dorado,AR
ELI,Elim,AK
ELM,Elmira/Corning,NY
ELN,Ellensburg,WA
ELP,El Paso,TX
ELV,Elfin Cove,AK
ELW,Ellamar,AK
ELY,Ely,NV
EMK,Emmonak,AK
EMM,Kemmerer,WY
EMP,Emporia,KS
EMT,El Monte,CA
ENA,Kenai,AK
END,Enid,OK
ENL,Centralia,IL
ENN,Nenana,AK
ENV,Wendover,UT
ENW,Kenosha,WI
EOK,Keokuk,IA
EPH,Ephrata/Moses Lake,WA
ERI,Erie,PA
ERV,Kerrville,TX
ESC,Escanaba,MI
ESD,Eastsound,WA
ESF,Alexandria,LA
ESN,Easton,MD
ESP,Stroudsburg,PA
EST,Estherville,IA
ETB,West Bend,WI
ETN,Eastland,TX
ETS,Enterprise,AL
EUE,Eureka,NV
EUF,Eufaula,AL
EUG,Eugene,OR
EVC,Eva Creek,AK
EVM,Eveleth,MN
EVV,Evansville,IN
EVW,Evanston,WY
EWB,New Bedford/Fall River,MA
EWK,Newton,KS
EWN,New Bern/Morehead/Beaufort,NC
EWR,Newark,NJ
EWU,Mertarvik,AK
EXI,Excursion Inlet,AK
EYW,Key West,FL
F70,Murrieta/Temecula,CA
FAI,Fairbanks,AK
FAK,False Island,AK
FAL,Roma,TX
FAM,Farmington,MO
FAR,Fargo,ND
FAT,Fresno,CA
FAU,Fairmount Island,AK
FAY,Fayetteville,NC
FBG,Fort Bragg,NC
FBK,Fairbanks,AK
FBR,Fort Bridger,WY
FBS,Friday Harbor,WA
FCA,Kalispell,MT
FCH,Fresno,CA
FCM,Minneapolis,MN
FCS,Colorado Springs,CO
FDK,Frederick,MD
FDR,Frederick,OK
FDY,Findlay,OH
FEP,Freeport,IL
FET,Fremont,NE
FEW,Cheyenne,WY
FFL,Fairfield,IA
FFM,Fergus Falls,MN
FFO,Dayton,OH
FFT,Frankfort,KY
FHB,Fernandina Beach,FL
FHU,Fort Huachuca,AZ
FIC,Fire Cove,AK
FID,Fishers Island,NY
FIL,Fillmore,UT
FKL,Franklin/Oil City,PA
FL1,Zephyrhills,FL
FL2,Valkaria,FL
FL3,Chipley,FL
FL4,Bunnell,FL
FL5,Williston,FL
FL6,Clewiston,FL
FL7,Placida,FL
FL8,Deland,FL
FL9,Lake Wales,FL
FLD,Fond Du Lac,WI
FLG,Flagstaff,AZ
FLJ,Falls Bay,AK
FLL,Fort Lauderdale,FL
FLO,Florence,SC
FLT,Flat,AK
FLU,New York,NY
FLV,Leavenworth,KS
FLX,Fallon,NV
FMC,Five Mile Camp,AK
FME,Fort Meade,MD
FMH,Falmouth,MA
FMN,Farmington,NM
FMS,Fort Madison,IA
FMY,Fort Myers,FL
FNL,Fort Collins/Loveland,CO
FNR,Funter Bay Alaska,AK
FNT,Flint,MI
FOA,Fortuna Ledge,AK
FOB,Fort Bragg,CA
FOD,Fort Dodge,IA
FOE,Topeka,KS
FOK,Westhampton,NY
FPR,Fort Pierce,FL
FPY,Perry,FL
FQA,Patching Lake,AK
FQB,Ventura,CA
FQC,Kodiak,AK
FQD,Katmai National Park,AK
FQE,Annex Creek,AK
FQF,Davidson Creek,AK
FQG,Snettisham,AK
FQH,Fire Island,AK
FQI,Scott,KY
FQJ,Greens Creek,AK
FQK,Gull Cove,AK
FQL,Flora,IL
FQN,Karta Lake,AK
FQO,Manzanita Lake,AK
FQP,Shrimp Bay,AK
FQQ,Dry Bay,AK
FQR,Josephine Lake,AK
FQU,Libby,MT
FQV,Volcano Bay,AK
FQW,Fort Glenn,AK
FQX,Babe Islands,AK
FQY,Kahli Cove,AK
FRD,Friday Harbor,WA
FRG,East Farmingdale,NY
FRH,French Lick,IN
FRM,Fairmont,MN
FRP,Fresh Water Bay,AK
FRR,Front Royal,VA
FRY,Fryeburg,ME
FSD,Sioux Falls,SD
FSI,Fort Sill,OK
FSK,Fort Scott,KS
FSM,Fort Smith,AR
FST,Ft. Stockton,TX
FTC,Fort Collins,CO
FTG,Denver,CO
FTK,Fort Knox,KY
FTL,Fortuna Ledge,AK
FTW,Dallas/Fort Worth,TX
FTY,Atlanta,GA
FUL,Fullerton,CA
FVA,Osprey Lodge,AK
FVD,Sonora,TX
FVE,Fallbrook,CA
FVG,Wickenburg,AZ
FVH,Othello,WA
FVI,Lake Providence,LA
FVL,Colusa,CA
FVN,Culbertson,MT
FVO,Aurora,OR
FVP,Quincy,CA
FVQ,Donlin Creek Mine,AK
FVR,Three Forks,MT
FVS,Rexburg,ID
FVV,Kernville,CA
FVW,Golden Creek Mine,AK
FVX,Grace Harbor,AK
FVY,Unuk River,AK
FVZ,Deadhorse,AK
FWA,Fort Wayne,IN
FWH,Fort Worth,TX
FWL,Farewell,AK
FWS,Fort Worth,TX
FXE,Fort Lauderdale,FL
FXM,Flaxman Island,AK
FXR,Clinton,IN
FXY,Forest City,IA
FYU,Fort Yukon,AK
FYV,Fayetteville,AR
GA0,Eastman,GA
GA1,Lafayette,GA
GA2,Carrollton,GA
GA3,Atlanta,GA
GA4,Jefferson,GA
GA5,Thomson,GA
GA6,Canton,GA
GA7,Greensboro,GA
GA8,Monroe,GA
GA9,Cartersville,GA
GAD,Gadsden,AL
GAI,Gaithersburg,MD
GAL,Galena,AK
GAM,Gambell,AK
GBA,Goose Bay,AK
GBD,Great Bend,KS
GBG,Galesburg,IL
GBH,Galbraith Lake,AK
GBR,Great Barrington,MA
GCC,Gillette,WY
GCK,Garden City,KS
GCN,Grand Canyon,AZ
GCY,Greeneville,TN
GDC,Greenville,SC
GDH,Golden Horn Lodge,AK
GDM,Gardner,MA
GDV,Glendive,MT
GDW,Gladwin,MI
GED,Georgetown,DE
GEG,Spokane,WA
GEK,Ganes Creek,AK
GEY,Greybull,WY
GEZ,Shelbyville,IN
GFA,Great Falls,MT
GFB,Togiak Fish,AK
GFK,Grand Forks,ND
GFL,Glens Falls,NY
GGE,Georgetown,SC
GGG,Longview,TX
GGW,Glasgow,MT
GJT,Grand Junction,CO
GKN,Gulkana,AK
GLD,Goodland,KS
GLE,Gainesville,TX
GLH,Greenville,MS
GLQ,Glennallen,AK
GLR,Gaylord,MI
GLS,Galveston,TX
GLV,Golovin,AK
GLW,Glasgow,KY
GMT,Granite Mountain,AK
GMU,Greenville,SC
GNT,Grants,NM
GNU,Goodnews Bay,AK
GNV,Gainesville,FL
GOL,Gold Beach,OR
GON,New London/Groton,CT
GPM,Grand Prairie,TX
GPT,Gulfport/Biloxi,MS
GPZ,Grand Rapids,MN
GQQ,Galion,OH
GRB,Green Bay,WI
GRD,Greenwood,SC
GRF,Tacoma,WA
GRI,Grand Island,NE
GRK,Killeen,TX
GRR,Grand Rapids,MI
GSB,Goldsboro,NC
GSH,Goshen,IN
GSO,Greensboro/High Point,NC
GSP,Greer,SC
GST,Gustavus,AK
GSW,Dallas/Fort Worth,TX
GTF,Great Falls,MT
GTR,Columbus,MS
GTU,Georgetown,TX
GTY,Gettysburg,PA
GUC,Gunnison,CO
GUF,Gulf Shores,AL
GUP,Gallup,NM
GUS,Peru,IN
GUY,Guymon,OK
GVE,Gordonville,VA
GVL,Gainesville,GA
GVQ,Batavia,NY
GVT,Greenville,TX
GVW,Grandview,MO
GWI,Gwinner,ND
GWO,Greenwood,MS
GWR,Gwinner,ND
GWS,Glenwood Springs,CO
GYR,Goodyear,AZ
GYY,Gary,IN
HAB,Hamilton,AL
HAE,Havasupai,AZ
HAF,Half Moon Bay,CA
HAO,Hamilton,OH
HAR,Harrisburg,PA
HAY,Haycock,AK
HBC,Hanus Bay,AK
HBG,Hattiesburg,MS
HBH,Hobart Bay,AK
HBV,Hebbronville,TX
HBY,Hood Bay,AK
HCA,Big Spring,TX
HCB,Shoal Cove,AK
HCR,Holy Cross,AK
HCW,Cheraw,SC
HDA,Hidden Falls,AK
HDE,Holdrege,NE
HDH,Mokuleia,HI
HDN,Hayden,CO
HED,Herendeen,AK
HES,Hermiston,OR
HEZ,Natchez,MS
HFD,Hartford,CT
HFF,Hoffman,NC
HGR,Hagerstown,MD
HGZ,Hogatza,AK
HHH,Hilton Head,SC
HHR,Hawthorne,CA
HIB,Hibbing,MN
HIE,Whitefield,NH
HIF,Ogden,UT
HII,Lake Havasu City,AZ
HIK,Honolulu,HI
HIO,Hillsboro,OR
HKA,Blytheville,AR
HKB,Healy,AK
HKP,Kaanapali,HI
HKS,Jackson,MS
HKY,Hickory,NC
HLG,Wheeling,WV
HLI,Hollister,CA
HLM,Holland,MI
HLN,Helena,MT
HLO,Holbrook,AZ
HMN,Alamogordo,NM
HMS,Homeshore,AK
HMT,Hemet,CA
HNB,Huntingburg,IN
HNC,Hatteras,NC
HNH,Hoonah,AK
HNL,Honolulu,HI
HNM,Hana,HI
HNS,Haines,AK
HOB,Hobbs,NM
HOL,Holikachuk,AK
HOM,Homer,AK
HON,Huron,SD
HOP,Hopkinsville,KY
HOT,Hot Springs,AR
HOU,Houston,TX
HPB,Hooper Bay,AK
HPN,White Plains,NY
HPT,Hampton,IA
HPV,Hanalei,HI
HPY,Baytown,TX
HQM,Hoquiam,WA
HRL,Harlingen/San Benito,TX
HRO,Harrison,AR
HSH,Las Vegas,NV
HSI,Hastings,NE
HSL,Huslia,AK
HSP,Hot Springs,VA
HST,Homestead,FL
HSV,Huntsville,AL
HTH,Hawthorne,NV
HTO,East Hampton,NY
HTS,Ashland,WV
HTV,Huntsville,TX
HUA,Huntsville,AL
HUF,Terre Haute,IN
HUL,Houlton,ME
HUM,Houma,LA
HUS,Hughes,AK
HUT,Hutchinson,KS
HVC,Hopkinsville,KY
HVN,New Haven,CT
HVR,Havre,MT
HVS,Hartsville,SC
HWD,Hayward,CA
HWI,Hawk Inlet,AK
HYA,Hyannis,MA
HYG,Hydaburg,AK
HYL,Hollis,AK
HYR,Hayward,WI
HYS,Hays,KS
HZL,Hazleton,PA
IA1,Shenandoah,IA
IA2,Webster City,IA
IA3,Red Oak,IA
IA4,Pella,IA
IAB,Wichita,KS
IAD,Washington,DC
IAG,Niagara Falls,NY
IAH,Houston,TX
IAN,Kiana,AK
ICT,Wichita,KS
ICY,Icy Bay,AK
ID1,Driggs,ID
ID2,Montpelier,ID
ID3,Sandpoint,ID
ID4,Caldwell,ID
IDA,Idaho Falls,ID
IDI,Indiana,PA
IDP,Independence,KS
IFP,Bullhead City,AZ
IGG,Igiugig,AK
IGM,Kingman,AZ
IGX,Chapel Hill,NC
II1,Rantoul,IL
II2,Chicago/Romeoville,IL
II3,De Kalb,IL
II4,Lincoln,IL
IJX,Jacksonville,IL
IKB,Wilkesboro,NC
IKK,Kankakee,IL
IKO,Nikolski,AK
IKV,Ankeny,IA
IL2,Effingham,IL
IL3,Litchfield,IL
IL4,Pittsfield,IL
ILE,Killeen,TX
ILG,Wilmington,DE
ILI,Iliamna,AK
ILL,Willmar,MN
ILM,Wilmington,NC
ILN,Wilmington,OH
IML,Imperial,NE
IMM,Immokalee,FL
IMT,Iron Mountain/Kingsfd,MI
IN1,Auburn,IN
IN2,Indianapolis,IN
IN3,Indianapolis,IN
IN4,Indianapolis,IN
IN6,Jeffersonville,IN
IN7,Indianapolis,IN
IN9,Washington,IN
IND,Indianapolis,IN
INL,International Falls,MN
INR,Sault Ste. Marie,MI
INS,Indian Springs,NV
INT,Winston-Salem,NC
INW,Winslow,AZ
IOW,Iowa City,IA
IPL,El Centro,CA
IPT,Williamsport,PA
IRC,Circle,AK
IRK,Kirksville,MO
IRS,Sturgis,MI
IRV,Bayou La Batre,AL
ISM,Orlando,FL
ISN,Williston,ND
ISO,Kinston,NC
ISP,Islip,NY
ISQ,Manistique,MI
ISS,Wiscasset,ME
ISW,Wisconsin Rapids,WI
ITH,Ithaca/Cortland,NY
ITO,Hilo,HI
IWD,Ironwood,MI
IWS,Houston,TX
IYK,Inyokern,CA
JAC,Jackson,WY
JAJ,Atlanta,GA
JAN,Jackson/Vicksburg,MS
JAO,Atlanta,GA
JAX,Jacksonville,FL
JBC,Boston,MA
JBK,Oakland,CA
JBP,Commerce,CA
JBR,Jonesboro,AR
JCC,San Francisco,CA
JCE,Oakland,CA
JCI,Olathe,KS
JCT,Junction,TX
JDA,John Day,OR
JDB,Dallas/Fort Worth,TX
JDG,Seattle,WA
JDM,Miami,FL
JDT,Minneapolis,MN
JDX,Houston,TX
JEF,Jefferson City,MO
JFB,Seattle,WA
JFK,New York,NY
JFN,Jefferson,OH
JGC,Grand Canyon,AZ
JGG,Williamsburg,VA
JGL,Atlanta,GA
JGP,Houston,TX
JGQ,Houston,TX
JHC,Garden City,NY
JHM,Kapalua,HI
JHW,Jamestown,NY
JHY,Cambridge,MA
JID,City of Industry,CA
JKV,Jacksonville,TX
JLA,Cooper Lodge,AK
JLN,Joplin,MO
JMA,Houston,TX
JMC,San Francisco,CA
JMN,Mankato,MN
JMS,Jamestown,ND
JNP,Newport Beach,CA
JNU,Juneau,AK
JOC,Santa Ana,CA
JOR,Orange,CA
JPB,New York,NY
JPT,Houston,TX
JPX,Wainscott,NY
JQF,Concord,NC
JRA,New York,NY
JRB,New York,NY
JRC,Rochester,MN
JRE,New York,NY
JRF,Kapolei,HI
JSE,Juneau,AK
JSK,St. Cloud,MN
JST,Johnstown,PA
JVI,Manville,NJ
JVL,Beloit/Janesville,WI
JWH,Houston,TX
JWY,Midlothian/Waxahachie,TX
JXN,Jackson,MI
JYP,Seattle,WA
JZA,Newton,MS
JZB,Orange,MA
JZC,Stanley,ND
JZE,Trading Bay,AK
JZG,Chamberlain,SD
JZI,Portland,TN
JZJ,Duluth,MN
JZK,Cloquet,MN
JZL,San Clemente Island,CA
JZM,Hog River,AK
JZN,Quincy,WA
JZO,American Falls,ID
JZP,Prospect,OR
JZQ,Brooksville,FL
JZR,Laurel,MT
JZT,Arlington,TX
JZU,Bennington,VT
JZV,Little Rock,AR
JZW,Evergreen,AL
JZX,Angwin,CA
JZY,Grangeville,ID
K01,Russellville,KY
KAE,Kake,AK
KAL,Kaltag,AK
KBC,Birch Creek,AK
KBE,Bell Island,AK
KBK,Klag Bay,AK
KBW,Chignik,AK
KCC,Coffman Cove,AK
KCG,Chignik Bay,AK
KCK,Kansas City,KS
KCL,Chignik Lagoon,AK
KCN,Chernofski,AK
KCQ,Chignik,AK
KCR,Colorado Creek,AK
KDK,Kodiak,AK
KEB,Nanwalek,AK
KEH,Kenmore,WA
KEK,Ekwok,AK
KEZ,Key Largo,FL
KFP,False Pass,AK
KGK,Koliganek,AK
KGX,Grayling,AK
KGZ,Glacier Creek,AK
KIB,Ivanof Bay,AK
KIP,Wichita Falls,TX
KKA,Koyuk,AK
KKB,Kitoi Bay,AK
KKH,Kongiganak,AK
KKI,Akiachak,AK
KKK,Kalakaket,AK
KKL,Karluk Lake,AK
KKU,Ekuk,AK
KLG,Kalskag,AK
KLL,Levelock,AK
KLN,Larsen Bay,AK
KLP,Kelp Bay,AK
KLS,Kelso,WA
KLW,Klawock,AK
KMO,Manokotak,AK
KMY,Moser Bay,AK
KNB,Kanab,UT
KNK,Kokhanok,AK
KNT,Kennett,MO
KNW,New Stuyahok,AK
KOA,Kona,HI
KOT,Kotlik,AK
KOY,Olga Bay,AK
KOZ,Ouzinkie,AK
KPB,Point Baker,AK
KPC,Port Clarence,AK
KPH,Pauloff Harbor,AK
KPK,Parks,AK
KPM,Napamute,AK
KPN,Kipnuk,AK
KPR,Port Williams,AK
KPV,Perryville,AK
KPY,Port Bailey,AK
KQA,Akutan,AK
KRM,Kasitsna Bay,AK
KS2,Burlington,KS
KS3,Hiawatha,KS
KSM,St. Mary's,AK
KSR,Sandy River,AK
KTB,Thorne Bay,AK
KTH,Tikchik Lodge,AK
KTN,Ketchikan,AK
KTS,Brevig Mission,AK
KUK,Kasigluk,AK
KUW,Kugururok River,AK
KVC,King Cove,AK
KVL,Kivalina,AK
KWF,Waterfall,AK
KWK,Kwigillingok,AK
KWN,Quinhagak,AK
KWP,West Point,AK
KWT,Kwethluk,AK
KXA,Kasaan,AK
KY1,Danville,KY
KY2,Sturgis,KY
KY3,Mount Sterling,KY
KY4,Henderson,KY
KY5,Madisonville,KY
KY6,Mayfield,KY
KY7,Morehead,KY
KY8,Stanton,KY
KYC,Yankee Creek,AK
KYK,Karluk,AK
KYU,Koyukuk,AK
KZB,Zachar Bay,AK
KZH,Kizhuyak,AK
L41,Marble Canyon,AZ
LA1,Notchitoches,LA
LA2,Hammond,LA
LA3,Reserve,LA
LA4,New Roads,LA
LA5,Galliano,LA
LAA,Lamar,CO
LAF,Lafayette,IN
LAL,Lakeland,FL
LAM,Los Alamos,NM
LAN,Lansing,MI
LAR,Laramie,WY
LAS,Las Vegas,NV
LAW,Lawton/Fort Sill,OK
LAX,Los Angeles,CA
LBB,Lubbock,TX
LBE,Latrobe,PA
LBF,North Platte,NE
LBL,Liberal,KS
LBT,Lumberton,NC
LCH,Lake Charles,LA
LCI,Laconia,NH
LCK,Columbus,OH
LCQ,Lake City,FL
LDJ,Linden,NJ
LDM,Ludington,MI
LEB,Lebanon-Hanover,NH
LEE,Leesburg,FL
LEW,Lewiston/Auburn,ME
LEX,Lexington,KY
LFI,Newport News/Hampton,VA
LFK,Lufkin,TX
LFT,Lafayette,LA
LGA,New York,NY
LGB,Long Beach,CA
LGC,LaGrange,GA
LGD,La Grande,OR
LGM,Longmont,CO
LGU,Logan,UT
LHB,Lost Harbor,AK
LHQ,Lancaster,OH
LHU,Lake Havasu City,AZ
LHV,Lock Haven,PA
LHX,La Junta,CO
LIC,Limon,CO
LIH,Lihue,HI
LIJ,Long Island,AK
LIT,Little Rock,AR
LIV,Livengood,AK
LIY,Hinesville,GA
LIZ,Limestone,ME
LJN,Lake Jackson,TX
LJY,Lebanon,MO
LKE,Seattle,WA
LKK,Kulik Lake,AK
LKP,Lake Placid,NY
LKV,Lakeview,OR
LLX,Lyndonville,VT
LLY,Mount Holly,NJ
LMA,Lake Minchumina,AK
LMS,Louisville,MS
LMT,Klamath Falls,OR
LNA,West Palm Beach,FL
LND,Lander,WY
LNI,Lonely,AK
LNK,Lincoln,NE
LNL,Land O' Lakes,WI
LNN,Willoughby,OH
LNP,Wise,VA
LNR,Lone Rock,WI
LNS,Lancaster,PA
LNT,Lanett,AL
LNY,Lanai,HI
LOI,Laredo,TX
LOL,Lovelock,NV
LOT,Chicago/Romeoville,IL
LOU,Louisville,KY
LOW,Louisa,VA
LOZ,London/Corbin,KY
LPC,Lompoc,CA
LPO,La Porte,IN
LPR,Lorain/Elyria,OH
LPS,Lopez Island,WA
LPW,Little Port Walter,AK
LQK,Pickens,SC
LRD,Laredo,TX
LRF,Jacksonville,AR
LRG,Loring,AK
LRN,Moses Lake,WA
LRO,Lathrop,CA
LRU,Las Cruces,NM
LSD,Lexington,KY
LSE,La Crosse,WI
LSF,Columbus,GA
LSN,Los Banos,CA
LSR,Lost River,AK
LSV,Las Vegas,NV
LTS,Altus,OK
LUF,Phoenix,AZ
LUK,Cincinnati,OH
LUL,Laurel,MS
LUP,Kalaupapa,HI
LUR,Cape Lisburne,AK
LVD,Lime Village,AK
LVK,Livermore,CA
LVM,Livingston,MT
LVS,Las Vegas,NM
LWB,Lewisburg,WV
LWC,Lawrence,KS
LWF,Lawrenceburg,TN
LWL,Wells,NV
LWM,Lawrence,MA
LWS,Lewiston,ID
LWT,Lewistown,MT
LWV,Lawrenceville,IL
LXN,Lexington,NE
LXV,Leadville,CO
LYH,Lynchburg,VA
LYU,Ely,MN
LZU,Lawrenceville,GA
M91,Springfield,TN
MA1,Edgartown,MA
MA2,Montague,MA
MA3,Taunton,MA
MA4,Marshfield,MA
MA5,Northampton,MA
MA6,Hopedale,MA
MAC,Macon,GA
MAE,Madera,CA
MAF,Midland/Odessa,TX
MAW,Malden,MO
MBL,Manistee/Ludington,MI
MBS,Saginaw/Bay City/Midland,MI
MBY,Moberley,MO
MCB,McComb,MS
MCC,Sacramento,CA
MCD,Mackinac Island,MI
MCE,Merced,CA
MCF,Tampa,FL
MCG,McGrath,AK
MCI,Kansas City,MO
MCK,McCook,NE
MCL,McKinley Park,AK
MCN,Macon,GA
MCO,Orlando,FL
MCW,Mason City,IA
MD1,Michellville,MD
MD2,Indian Head,MD
MD3,Churchville,MD
MD4,Aberdeen,MD
MD5,Baltimore,MD
MD6,Elkton,MD
MDA,San Antonio,TX
MDD,Midland/Odessa,TX
MDF,Medford,WI
MDH,Carbondale,IL
MDJ,Madras,OR
MDN,Madison,IN
MDO,Middleton Island,AK
MDR,Medfra,AK
MDT,Harrisburg,PA
MDW,Chicago,IL
ME1,Rangeley,ME
ME2,Islesboro,ME
ME3,Belfast,ME
ME4,Oxford,ME
ME5,Bethel,ME
ME6,Bethel2,ME
ME7,Stonington,ME
ME8,Eastport,ME
ME9,Greenville,ME
MEI,Meridian,MS
MEJ,Meadville,PA
MEM,Memphis,TN
MEO,Manteo,NC
MER,Atwater,CA
MEV,Minden,NV
MFD,Mansfield,OH
MFE,Mission/McAllen/Edinburg,TX
MFH,Mesquite,NV
MFI,Marshfield,WI
MFR,Medford,OR
MFT,Fort Worth,TX
MFV,Melfa,VA
MGC,Michigan City,IN
MGE,Marietta,GA
MGJ,Montgomery,NY
MGM,Montgomery,AL
MGR,Moultrie/Thomasville,GA
MGW,Morgantown,WV
MGY,Dayton,OH
MHE,Mitchell,SD
MHK,Manhattan/Ft. Riley,KS
MHL,Marshall,MO
MHM,Minchumina,AK
MHR,Sacramento,CA
MHT,Manchester,NH
MHV,Mojave,CA
MI1,Greenville,MI
MI2,Holland,MI
MI3,Howell,MI
MI4,Frankfort,MI
MI5,Boyne Falls,MI
MI6,Dowagiac,MI
MI7,South Haven,MI
MIA,Miami,FL
MIB,Minot,ND
MIC,Minneapolis,MN
MIE,Muncie/Anderson/Newcastle,IN
MIO,Miami,OK
MIQ,Omaha,NE
MIT,Shafter,CA
MIV,Millville,NJ
MIW,Marshalltown,IA
MJQ,Jackson,MN
MJX,Toms River,NJ
MKC,Kansas City,MO
MKE,Milwaukee,WI
MKG,Muskegon,MI
MKK,Hoolehua,HI
MKL,Jackson,TN
MKN,Comanche,TX
MKO,Muskogee,OK
MKT,Mankato,MN
MLB,Melbourne,FL
MLC,McAlester,OK
MLD,Malad City,ID
MLF,Milford,UT
MLI,Moline,IL
MLJ,Milledgeville,GA
MLK,Malta,MT
MLL,Marshall,AK
MLS,Miles City,MT
MLT,Millinocket,ME
MLU,Monroe,LA
MLY,Manley Hot Springs,AK
MMH,Mammoth Lakes,CA
MMI,Athens,TN
MML,Marshall,MN
MMN,Stow,MA
MMT,Columbia,SC
MMU,Morristown,NJ
MN1,Fosston,MN
MN2,Moose Lake,MN
MN3,Ortonville,MN
MN4,Wadena,MN
MN5,Red Wing,MN
MN6,Hallock,MN
MN7,Minneapolis,MN
MN8,Walker,MN
MNM,Marinette,MI
MNN,Marion,OH
MNT,Minto,AK
MNZ,Manassas,VA
MO1,Mosby,MO
MO2,Washington,MO
MO3,Richland,MO
MO4,Clinton,MO
MO5,Brookfield,MO
MO6,Lees Summit,MO
MOB,Mobile,AL
MOD,Modesto,CA
MOP,Mount Pleasant,MI
MOR,Morristown,TN
MOS,Moses Point,AK
MOT,Minot,ND
MOU,Mountain Village,AK
MPB,Miami,FL
MPE,Madison,CT
MPJ,Morrilton,AR
MPO,Mt. Pocono,PA
MPR,McPherson,KS
MPS,Mount Pleasant,TX
MPV,Montpelier/Barre,VT
MQB,Macomb,IL
MQI,Quincy,MA
MQJ,Indianapolis,IN
MQT,Marquette,MI
MQY,Smyrna,TN
MRB,Martinsburg,WV
MRC,Columbia,TN
MRF,Marfa,TX
MRH,Morehead City,NC
MRI,Anchorage,AK
MRK,Marco Island,FL
MRN,Morganton,NC
MRY,Monterey,CA
MS1,Grenada,MS
MS2,Picayune,MS
MS3,Philadelphia,MS
MS4,Batesville,MS
MS5,Cleveland,MS
MS6,Columbia,MS
MSC,Mesa,AZ
MSL,Muscle Shoals,AL
MSN,Madison,WI
MSO,Missoula,MT
MSP,Minneapolis,MN
MSS,Massena,NY
MSV,Monticello,NY
MSY,New Orleans,LA
MT1,Colstrip,MT
MT2,Three Forks,MT
MT3,Ennis,MT
MTC,Mt. Clemens,MI
MTH,Marathon,FL
MTJ,Montrose/Delta,CO
MTM,Metlakatla,AK
MTN,Baltimore,MD
MTO,Mattoon/Charleston,IL
MTP,Montauk Point,NY
MTW,Manitowoc,WI
MTX,Fairbanks,AK
MUE,Kamuela,HI
MUL,Moultrie,GA
MUO,Mountain Home,ID
MUT,Muscatine,IA
MVC,Monroeville,AL
MVL,Morrisville,VT
MVM,Kayenta,AZ
MVN,Mount Vernon,IL
MVW,Burlington/Mount Vernon,WA
MVY,Martha's Vineyard,MA
MWA,Marion/Herrin,IL
MWC,Milwaukee,WI
MWH,Moses Lake,WA
MWL,Mineral Wells,TX
MWM,Windom,MN
MWO,Middletown,OH
MXC,Monticello,UT
MXE,Maxton,NC
MXF,Montgomery,AL
MXG,Marlboro,MA
MXY,McCarthy,AK
MYF,San Diego,CA
MYH,Marble Canyon,AZ
MYK,May Creek,AK
MYL,McCall,ID
MYR,Myrtle Beach,SC
MYU,Mekoryuk,AK
MYV,Marysville,CA
MZJ,Marana,AZ
MZZ,Marion,IN
N1C,Cherry Point,NC
N1J,Hackettstown,NJ
N1Y,Canandaigua,NY
N2C,Monroe,NC
N2J,Reading,NJ
N2Y,Seneca Falls,NY
N3C,Franklin,NC
N3Y,Ticonderoga,NY
N40,Pittstown,NJ
N47,Pottstown,PA
N4C,Sanford,NC
N4Y,Southampton,NY
N5C,Whiteville,NC
N5Y,South Bethlehem,NY
N6C,Siler City,NC
N6Y,Ellenville,NY
N7C,Ahoskie,NC
N7Y,North Haven,NY
N87,Robbinsville,NJ
N8C,Oak Island,NC
N8K,Nikisha,AK
N8Y,Harriman,NY
N9Y,Auburn,NY
NAD,North Adams,MA
NAX,Kapolei,HI
NBG,New Orleans,LA
NBJ,Newburgh,NY
NBU,Glenview,IL
NC1,Gastonia,NC
NC2,Smithfield,NC
NC3,Shelby,NC
NC4,Currituck,NC
NC5,Kenansville,NC
NC6,Oxford,NC
NC7,Beaufort,NC
NC8,Burlington,NC
NC9,Rockingham,NC
NCN,Chenega,AK
NCO,North Kingstown,RI
NCQ,Marietta,GA
ND1,Kindred,ND
NE1,Gothenburg,NE
NE2,Blair,NE
NE3,York,NE
NE4,Champion,NE
NEA,Brunswick,GA
NEL,Lakehurst,NJ
NEW,New Orleans,LA
NFL,Fallon,NV
NGC,Grand Canyon,AZ
NGF,Kaneohe,HI
NGP,Corpus Christi,TX
NGU,Norfolk,VA
NGZ,Alameda,CA
NH1,Hampton,NH
NH2,Gorham,NH
NH3,Haverhill,NH
NH4,Moultonboro,NH
NH5,Hillsboro,NH
NH6,Newport,NH
NHK,Patuxent River,MD
NHZ,Brunswick,ME
NIB,Nikolai,AK
NIE,Niblack,AK
NIN,Ninilchik,AK
NIP,Jacksonville,FL
NJ1,Berlin,NJ
NJ2,West Creek,NJ
NJ3,Somerville,NJ
NJ4,Ocean City,NJ
NJ5,Sussex,NJ
NJ6,Lumberton,NJ
NJ7,New Jersey,NJ
NJ8,West Milford,NJ
NJ9,Cross Keys,NJ
NJK,El Centro,CA
NKI,Naukiti,AK
NKV,Nichen Cove,AK
NKX,San Diego,CA
NLC,Lemoore,CA
NLG,Nelson Lagoon,AK
NM1,Belen,NM
NM2,Truth Or Consequences,NM
NM3,Moriarty,NM
NME,Nightmute,AK
NNK,Naknek,AK
NNL,Nondalton,AK
NOT,Novato,CA
NPA,Pensacola,FL
NPT,Newport,RI
NQA,Millington,TN
NQI,Kingsville,TX
NQX,Key West,FL
NRB,Mayport,FL
NRI,Afton,OK
NSE,Milton,FL
NSF,Camp Springs,MD
NSL,Merritt Island,FL
NTD,Port Hueneme,CA
NTU,Oceana,VA
NUI,Nuiqsut,AK
NUL,Nulato,AK
NUN,Pensacola,FL
NUP,Nunapitchuk,AK
NUQ,Mountain View,CA
NUW,Whidbey Island,WA
NV1,Overton,NV
NV2,Jean,NV
NV3,Searchlight,NV
NV4,Reno,NV
NV5,Gerlach,NV
NV6,Pahrump,NV
NV7,Silver Springs,NV
NVD,Nevada,MO
NXX,Willow Grove,PA
NY1,Kingston,NY
NY2,Fulton,NY
NY3,Brockport,NY
NY4,Potsdam,NY
NY5,Millbrook,NY
NY6,Johnstown,NY
NY7,Skaneateles,NY
NY8,Mattituck,NY
NY9,Hornell,NY
NYC,New York,NY
NYL,Yuma,AZ
NYS,New York,NY
NZC,Jacksonville,FL
NZJ,Santa Ana,CA
NZW,South Weymouth,MA
NZY,San Diego,CA
O1H,Millersburg,OH
O2H,Mount Vernon,OH
O3H,Columbus,OH
O4H,Delaware,OH
O5H,Bowling Green,OH
O6H,Ashland,OH
O85,Redding,CA
OAJ,Jacksonville/Camp Lejeune,NC
OAK,Oakland,CA
OBE,Okeechobee,FL
OBT,Oakland,MD
OBU,Kobuk,AK
OCA,Key Largo,FL
OCE,Ocean City,MD
OCF,Ocala,FL
OCH,Nacogdoches,TX
OCI,Oceanic,AK
OCN,Oceanside,CA
OCW,Washington,NC
ODM,Oakland,MD
ODW,Oak Harbor,WA
OEO,Osceola,WI
OFF,Omaha,NE
OFK,Norfolk,NE
OGA,Ogallala,NE
OGB,Orangeburg,SC
OGD,Ogden,UT
OGG,Kahului,HI
OGS,Ogdensburg,NY
OH1,Washington Court House,OH
OH2,Bellefontaine,OH
OH3,Chillicothe,OH
OH4,Marysville,OH
OH5,Cincinnati,OH
OH6,Ravenna,OH
OH7,Kent,OH
OH8,Bluffton,OH
OH9,Medina,OH
OHC,Northeast Cape,AK
OIC,Norwich,NY
OJC,Olathe,KS
OKC,Oklahoma City,OK
OKK,Kokomo/Logansport/Peru,IN
OLE,Olean,NY
OLF,Wolf Point,MT
OLH,Old Harbor,AK
OLM,Olympia,WA
OLS,Nogales,AZ
OLU,Columbus,NE
OLV,Olive Branch,MS
OMA,Omaha,NE
OME,Nome,AK
OMK,Omak,WA
ONA,Winona,MN
ONH,Oneonta,NY
ONL,O'Neill,NE
ONM,Socorro,NM
ONN,Onion Bay,AK
ONO,Ontario,OR
ONP,Newport,OR
ONT,Ontario,CA
OOB,Cobol,AK
OOK,Toksook,AK
OPF,Miami,FL
OPH,Ophir,AK
OPN,Thomaston,GA
OQA,McDonald Lake,AK
OQB,Bible Camp,AK
OQC,Cinder River Lodge,AK
OQF,Lemesurier Island,AK
OQG,Tracy Arm,AK
OQI,Vrems,AK
OQK,Akolik,AK
OQL,Mels,AK
OQM,Meshik,AK
OQN,Telaquana Lake,AK
OQO,Chelatna Lake Lodge,AK
OQP,Pumice,AK
OQQ,Port Alsworth,AK
OQR,Twin Lakes,AK
OQS,Sandy,AK
OQV,Shirleyville,AK
OQW,Doug Carney Strip,AK
OQX,Shisholik,AK
OQY,Sivinuvik,AK
OQZ,American Creek,AK
OR1,Grants Pass,OR
OR2,Gleneden,OR
OR3,Florence,OR
OR4,Bend,OR
OR5,Condon,OR
ORD,Chicago,IL
ORF,Norfolk,VA
ORH,Worcester,MA
ORI,Port Lions,AK
ORL,Orlando,FL
ORT,Northway,AK
ORV,Noorvik,AK
OSB,Osage Beach,MO
OSC,Oscoda,MI
OSH,Oshkosh,WI
OSU,Columbus,OH
OSX,Kosciusko,MS
OTG,Worthington,MN
OTH,North Bend/Coos Bay,OR
OTM,Ottumwa,IA
OTS,Anacortes,WA
OTZ,Kotzebue,AK
OUN,Norman,OK
OVE,Oroville,CA
OWA,Owatonna,MN
OWB,Owensboro,KY
OWD,Norwood,MA
OWK,Norridgewock,ME
OXC,Waterbury,CT
OXD,Oxford,OH
OXR,Oxnard/Ventura,CA
OXV,Knoxville,IA
OYS,Yosemite National Park,CA
OZA,Ozona,TX
OZR,Ozark,AL
P1A,Farmington,PA
P2A,Philadelphia,PA
PA1,Montrose,PA
PA2,Bedford,PA
PA3,Honesdale,PA
PA4,Carlisle,PA
PA5,West Chester,PA
PA6,Pittsburgh,PA
PA7,Toughkenamon,PA
PA8,Collegeville,PA
PA9,Tarentum,PA
PAE,Everett,WA
PAH,Paducah,KY
PAK,Hanapepe,HI
PAM,Panama City,FL
PAO,Palo Alto,CA
PAQ,Palmer,AK
PBA,Point Barrow,AK
PBF,Pine Bluff,AR
PBG,Plattsburgh,NY
PBI,West Palm Beach/Palm Beach,FL
PBK,Pack Creek,AK
PBX,Pikeville,KY
PCA,Portage Creek,AK
PCD,Prairie Du Chien,WI
PCE,Painter Creek,AK
PCK,Porcupine Creek,AK
PCT,Princeton,NJ
PDB,Pedro Bay,AK
PDK,Atlanta,GA
PDT,Pendleton,OR
PDX,Portland,OR
PEC,Pelican,AK
PEQ,Pecos City,TX
PFA,Paf Warren,AK
PFD,Port Frederick,AK
PFN,Panama City,FL
PGA,Page,AZ
PGC,Petersburg,WV
PGD,Punta Gorda,FL
PGL,Pascagoula,MS
PGM,Port Graham,AK
PGO,Pagosa Springs,CO
PGR,Paragould,AR
PGS,Peach Springs,AZ
PGV,Greenville,NC
PHD,New Philadelphia,OH
PHF,Newport News/Williamsburg,VA
PHK,Pahokee,FL
PHL,Philadelphia,PA
PHN,Port Huron,MI
PHO,Point Hope,AK
PHT,Paris,TN
PHX,Phoenix,AZ
PIA,Peoria,IL
PIB,Hattiesburg/Laurel,MS
PIE,St. Petersburg,FL
PIH,Pocatello,ID
PII,Fairbanks,AK
PIM,Pine Mountain,GA
PIP,Pilot Point,AK
PIR,Pierre,SD
PIT,Pittsburgh,PA
PIZ,Point Lay,AK
PJB,Payson,AZ
PJS,Port San Juan,AK
PKA,Napaskiak,AK
PKB,Parkersburg,WV
PKD,Park Rapids,MN
PLB,Plattsburgh,NY
PLK,Point Lookout,MO
PLN,Pellston,MI
PLY,Plymouth,IN
PMB,Pembina,ND
PMD,Palmdale,CA
PMH,Portsmouth,OH
PML,Port Moller,AK
PMU,Paimiut,AK
PNC,Ponca City,OK
PNE,Philadelphia,PA
PNF,Peterson's Point,AK
PNN,Princeton,ME
PNS,Pensacola,FL
PNX,Sherman-Denison,TX
POB,Fayetteville,NC
POC,La Verne,CA
POD,Port Frederick,AK
POE,Fort Polk,LA
POF,Poplar Bluff,MO
POH,Pocahontas,IA
POQ,Polk Inlet,AK
POU,Poughkeepsie,NY
POY,Powell,WY
PPC,Prospect Creek,AK
PPF,Parsons,KS
PPM,Pompano Beach,FL
PPV,Port Protection,AK
PQI,Presque Isle/Houlton,ME
PQS,Pilot Station,AK
PRB,Paso Robles,CA
PRC,Prescott,AZ
PRD,Pine Ridge,SD
PRT,Point Retreat,AK
PRX,Paris,TX
PRZ,Prineville,OR
PSB,Philipsburg,PA
PSC,Pasco/Kennewick/Richland,WA
PSF,Pittsfield,MA
PSG,Petersburg,AK
PSK,Dublin,VA
PSM,Portsmouth,NH
PSN,Palestine,TX
PSP,Palm Springs,CA
PSQ,Essington,PA
PSX,Palacios,TX
PTA,Port Alsworth,AK
PTC,Port Alice,AK
PTD,Port Alexander,AK
PTH,Port Heiden,AK
PTK,Pontiac,MI
PTL,Port Armstrong,AK
PTN,Patterson,LA
PTR,Pleasant Harbour,AK
PTS,Pittsburg,KS
PTT,Pratt,KS
PTU,Platinum,AK
PTV,Porterville,CA
PTW,Pottstown,PA
PUB,Pueblo,CO
PUC,Price,UT
PUL,Poulsbo,WA
PUO,Prudhoe Bay,AK
PUW,Pullman,WA
PVC,Provincetown,MA
PVD,Providence,RI
PVF,Placerville,CA
PVU,Provo,UT
PVW,Plainview,TX
PVY,Pope Vanoy,AK
PVZ,Painesville,OH
PWA,Oklahoma City,OK
PWK,Chicago,IL
PWM,Portland,ME
PWR,Big Port Walter,AK
PWT,Bremerton,WA
PYA,Port Ashton,AK
PYL,Perry Island,AK
PYM,Plymouth,MA
QAF,Jackpot,NV
QAJ,Globe,AZ
QAK,Port Clinton,OH
QAL,Kelleys Island,OH
QAO,Lyndonville,VT
QAS,Houston,TX
QAX,Marina del Ray,CA
QBH,Lathrop Wells,NV
QBI,Green River,UT
QBM,Put-In-Bay,OH
QBN,Middle Bass Island,OH
QBT,Indian Creek,ID
QBX,Abilene,KS
QBY,North Bass Island,OH
QCG,Challis,ID
QCT,Levelland,TX
QCW,Crane Island,WA
QCX,Martinsville,VA
QEM,Emerald Bay,CA
QFX,Avalon,CA
QGS,Houghton,MI
QHI,Houston,TX
QHO,Houston,TX
QIR,Isle Royale Park,MI
QKV,Kona Village,HI
QMA,Kennesaw,GA
QMH,Houston,TX
QMN,Mansfield,MA
QNY,New York,NY
QOR,Orange,VA
QPO,Houston,TX
QPT,Pittsfield,ME
QQB,Keyes Point,AK
QQC,Nimiuk Point,AK
QQD,Boston,MA
QQE,Sealing Point,AK
QQG,Westminster,MD
QQJ,Stevensville,MT
QQL,Bonners Ferry,ID
QQM,Shingletown,CA
QQN,Woodlake,CA
QQQ,Grass Valley,CA
QQS,Eastsound,WA
QQT,Peachtree City,GA
QQU,Window Rock,AZ
QQX,Healdsburg,CA
QQY,San Marcos,TX
QRD,Redondo Beach,CA
QSO,Southbridge,MA
RAC,Racine,WI
RAL,Riverside,CA
RAP,Rapid City,SD
RAX,Red Bank,NJ
RBB,Ugashik,AK
RBD,Dallas/Fort Worth,TX
RBF,Big Bear City,CA
RBG,Roseburg,OR
RBH,Brooks Lodge,AK
RBK,Murrieta/Temecula,CA
RBL,Red Bluff,CA
RBN,Fort Jefferson,FL
RBW,Walterboro,SC
RBY,Ruby,AK
RCA,Rapid City,SD
RCE,Roche Harbor,WA
RCT,Reed City,MI
RDB,Red Dog,AK
RDD,Redding,CA
RDG,Reading,PA
RDM,Bend/Redmond,OR
RDR,Red River,ND
RDU,Raleigh/Durham,NC
RDV,Red Devil,AK
REB,Redlands,CA
RED,Reedsville,PA
REE,Lubbock,TX
REH,Rehoboth,DE
RFD,Rockford,IL
RHI,Rhinelander,WI
RIC,Richmond,VA
RID,Richmond,IN
RIE,Rice Lake,WI
RIF,Richfield,UT
RIL,Rifle,CO
RIR,Riverside,CA
RIV,Riverside,CA
RIW,Riverton/Lander,WY
RKD,Rockland,ME
RKH,Rock Hill,SC
RKP,Rockport,TX
RKR,Poteau,OK
RKS,Rock Springs,WY
RKW,Rockwood,TN
RLA,Rolla,MO
RLD,Richland,WA
RLU,Bornite/Ruby Creek,AK
RME,Rome,NY
RMG,Rome,GA
RMN,Stafford,VA
RMP,Rampart,AK
RNC,McMinnville,TN
RND,San Antonio,TX
RNG,Rangely,CO
RNH,New Richmond,WI
RNM,Ramona,CA
RNO,Reno,NV
RNT,Renton,WA
ROA,Roanoke,VA
ROC,Rochester,NY
ROG,Rogers,AR
ROL,Roosevelt,UT
ROW,Roswell,NM
ROX,Roseau,MN
RPX,Roundup,MT
RQA,Lone Pine,CA
RQB,Atomic City,ID
RQC,Harlowton,MT
RQD,Mendota,CA
RQE,Prosser,WA
RQF,Lincolnton,NC
RQG,Covington,TN
RQH,Perkasie,PA
RQI,Nixon Fork Mine,AK
RQK,China Lake,CA
RQL,Lowell,IN
RQM,Sterling,MA
RQN,Cave Junction,OR
RQO,Seneca,NY
RQP,Lovington,NM
RQQ,Woodland,CA
RQR,Harbor Springs,MI
RQT,Lubbock,TX
RQU,Wasco,CA
RQV,Salt Lake City,UT
RQW,Parowan,UT
RQX,Burlington,CO
RQY,Comanche,TX
RQZ,Mary Esther,FL
RRT,Warroad,MN
RSH,Russian Mission,AK
RSJ,Rosario,WA
RSL,Russell,KS
RSN,Ruston,LA
RSP,Raspberry Strait,AK
RST,Rochester,MN
RSW,Fort Myers,FL
RTE,Marguerite Bay,AK
RTN,Raton,NM
RTO,Colton,CA
RUI,Ruidoso,NM
RUT,Rutland,VT
RVR,Green River,UT
RVS,Tulsa,OK
RWB,Rowan Bay,AK
RWI,Rocky Mount,NC
RWL,Rawlins,WY
RXB,Rodman Bay,AK
RYE,Greeley,CO
RZZ,Roanoke Rapids,NC
S24,Fremont,OH
S27,Kalispell,MT
SAA,Saratoga,WY
SAC,Sacramento,CA
SAD,Safford,AZ
SAF,Santa Fe,NM
SAG,Sagwon,AK
SAN,San Diego,CA
SAT,San Antonio,TX
SAV,Savannah,GA
SBA,Santa Barbara,CA
SBD,San Bernardino,CA
SBM,Sheboygan,WI
SBN,South Bend,IN
SBO,Salina,UT
SBP,San Luis Obispo,CA
SBS,Steamboat Springs,CO
SBT,San Bernardino,CA
SBV,South Boston,VA
SBY,Salisbury,MD
SC1,Beaufort,SC
SC2,Winnsboro,SC
SC3,Conway,SC
SC4,Moncks Corner,SC
SC5,Summerville,SC
SC6,Charleston,SC
SC7,Allendale,SC
SCC,Deadhorse,AK
SCE,State College,PA
SCF,Phoenix,AZ
SCH,Schenectady,NY
SCJ,Smith Cove,AK
SCK,Stockton,CA
SCM,Scammon Bay,AK
SD1,Onida,SD
SD2,Gregory,SD
SD3,Hot Springs,SD
SD4,Sturgis,SD
SDF,Louisville,KY
SDM,San Diego,CA
SDP,Sandpoint,AK
SDX,Sedona,AZ
SDY,Sidney,MT
SEA,Seattle,WA
SEE,San Diego,CA
SEF,Sebring,FL
SEG,Selinsgrove,PA
SEM,Selma,AL
SER,Seymour,IN
SES,Selma,AL
SFB,Sanford,FL
SFF,Spokane,WA
SFM,Sanford,ME
SFO,San Francisco,CA
SFZ,Smithfield,RI
SGF,Springfield,MO
SGH,Springfield,OH
SGR,Sugar Land,TX
SGT,Stuttgart,AR
SGU,St. George,UT
SGW,Saginaw Bay,AK
SGY,Skagway,AK
SHD,Staunton,VA
SHG,Shungnak,AK
SHH,Shishmaref,AK
SHN,Shelton,WA
SHR,Sheridan,WY
SHV,Shreveport,LA
SHX,Shageluk,AK
SIK,Sikeston,MO
SIT,Sitka,AK
SIY,Montague,CA
SJC,San Jose,CA
SJN,St. Johns,AZ
SJT,San Angelo,TX
SKA,Spokane,WA
SKF,San Antonio,TX
SKJ,Sitkinak,AK
SKK,Shaktoolik,AK
SKW,Skwentna,AK
SKY,Sandusky,OH
SLB,Storm Lake,IA
SLC,Salt Lake City,UT
SLE,Salem,OR
SLJ,Chandler,AZ
SLK,Saranac Lake/Lake Placid,NY
SLN,Salina,KS
SLO,Salem,IL
SLQ,Sleetmute,AK
SLR,Sulphur Springs,TX
SLT,Salida,CO
SME,Somerset,KY
SMF,Sacramento,CA
SMK,St. Michael,AK
SMN,Salmon,ID
SMO,Santa Monica,CA
SMT,Stone Mountain,GA
SMU,Sheep Mountain,AK
SMX,Santa Maria,CA
SNA,Santa Ana,CA
SNK,Snyder,TX
SNL,Shawnee,OK
SNP,St. Paul,AK
SNS,Salinas/Monterey,CA
SNY,Sidney,NE
SOL,Solomon,AK
SOP,Pinehurst/Southern Pines,NC
SOV,Seldovia,AK
SOW,Show Low,AZ
SPA,Spartanburg,SC
SPF,Spearfish,SD
SPG,Tampa,FL
SPI,Springfield,IL
SPQ,San Pedro,CA
SPS,Wichita Falls,TX
SPW,Spencer,IA
SPZ,Springdale,AR
SQA,Santa Ynez,CA
SQI,Sterling/Rockfalls,IL
SQL,San Carlos,CA
SQV,Sequim,WA
SRC,Searcy,AR
SRF,Novato,CA
SRQ,Sarasota/Bradenton,FL
SRV,Stony River,AK
SRW,Salisbury,NC
SSC,Sumter,SC
SSF,San Antonio,TX
SSI,Brunswick,GA
SSM,Sault Ste. Marie,MI
SSW,Stuart Island,WA
STC,St. Cloud,MN
STE,Stevens Point,WI
STF,Starkville,MS
STG,St. George Island,AK
STJ,St. Joseph,MO
STK,Sterling,CO
STL,St. Louis,MO
STP,Minneapolis/St. Paul,MN
STQ,St. Marys,PA
STS,Santa Rosa,CA
SUA,Stuart,FL
SUC,Sundance,WY
SUE,Sturgeon Bay,WI
SUM,Sumter,SC
SUN,Sun Valley/Hailey/Ketchum,ID
SUO,Sunriver,OR
SUS,St. Louis,MO
SUU,Fairfield,CA
SUW,Superior,WI
SUX,Sioux City,IA
SVA,Savoonga,AK
SVC,Silver City/Hurley,NM
SVH,Statesville,NC
SVN,Savannah,GA
SVS,Stevens Village,AK
SVW,Sparrevohn,AK
SWD,Seward,AK
SWF,Newburgh/Poughkeepsie,NY
SWO,Stillwater,OK
SWW,Sweetwater,TX
SXP,Sheldon Point,AK
SXQ,Soldotna,AK
SXY,Sidney,NY
SYA,Shemya,AK
SYB,Seal Bay,AK
SYI,Shelbyville/Tullahoma,TN
SYN,Stanton,MN
SYR,Syracuse,NY
SZL,Knob Noster,MO
SZP,Santa Paula,CA
T1N,Selmer,TN
T1X,Gainesville,TX
T2N,Clevland,TN
T2X,Hereford,TX
T3X,Encino,TX
T44,Kodiak,AK
T4X,Llano,TX
T5X,Castroville,TX
T6X,Houston,TX
T7X,China Spring,TX
T82,Fredericksburg,TX
T8X,Dallas,TX
T9X,Carrizo Springs,TX
TAD,Trinidad,CO
TAL,Tanana,AK
TBN,Fort Leonard Wood,MO
TBR,Statesboro,GA
TCC,Tucumcari,NM
TCL,Tuscaloosa,AL
TCM,Tacoma,WA
TCS,Truth Or Consequences,NM
TCT,Takotna,AK
TDF,Roxboro,NC
TDW,Amarillo,TX
TDZ,Toledo,OH
TEB,Teterboro,NJ
TEH,Tetlin,AK
TEK,Tatitlek,AK
TEX,Telluride,CO
TGE,Tuskegee,AL
THA,Tullahoma,TN
THP,Thermopolis,WY
THV,York,PA
TIK,Oklahoma City,OK
TIW,Tacoma,WA
TIX,Titusville,FL
TKA,Talkeetna,AK
TKE,Tenakee,AK
TKF,Truckee,CA
TKI,Tokeen,AK
TKJ,Tok,AK
TKL,Taku Lodge,AK
TLA,Teller,AK
TLF,Telida,AK
TLH,Tallahassee,FL
TLJ,Tatalina,AK
TLK,Tikchik Lodge,AK
TLR,Tulare,CA
TLT,Tuluksak,AK
TMA,Tifton,GA
TMB,Miami,FL
TN1,Lebanon,TN
TN2,Sparta,TN
TN3,Lewisburg,TN
TN4,Pulaski,TN
TN5,Lafayette,TN
TN6,Dyersburg,TN
TN7,Winchester,TN
TN8,Nashville,TN
TN9,Sevierville,TN
TNC,Tin City,AK
TNK,Tununak,AK
TNP,Twentynine Palms,CA
TNT,Miami,FL
TNU,Newton,IA
TOA,Torrance,CA
TOG,Togiak,AK
TOI,Troy,AL
TOL,Toledo,OH
TOP,Topeka,KS
TOR,Torrington,WY
TPA,Tampa,FL
TPB,Topeka,KS
TPF,Tampa,FL
TPH,Tonopah,NV
TPL,Temple,TX
TRH,Trona,CA
TRI,Bristol/Johnson City/Kingsport,TN
TRL,Terrell,TX
TRM,Thermal,CA
TSG,Tanacross,AK
TSM,Taos,NM
TSP,Tehachapi,CA
TSS,New York,NY
TTD,Troutdale,OR
TTN,Trenton,NJ
TUH,Tullahoma,TN
TUL,Tulsa,OK
TUP,Tupelo,MS
TUS,Tucson,AZ
TVC,Traverse City,MI
TVF,Thief River Falls,MN
TVI,Thomasville,GA
TVL,Lake Tahoe,CA
TWA,Twin Hills,AK
TWD,Port Townsend,WA
TWE,Taylor,AK
TWF,Twin Falls,ID
TWH,Two Harbors,CA
TX1,Mesquite,TX
TX2,Denver City,TX
TX3,Port Isabel,TX
TX4,Ballinger,TX
TX5,Cleburne,TX
TX6,Horseshoe Bay,TX
TX7,Post,TX
TX8,Slaton,TX
TX9,Winters,TX
TXK,Texarkana,AR
TXX,Fulshear,TX
TYE,Tyonek,AK
TYR,Tyler,TX
TYS,Knoxville,TN
TYZ,Taylor,AZ
U36,Aberdeen,ID
UBF,Chatham,MA
UBS,Columbus,MS
UCA,Utica/Rome,NY
UCY,Union City,TN
UDD,Bermuda Dunes,CA
UDG,Darlington,SC
UES,Waukesha,WI
UGA,Ugashik,AK
UGB,Pilot Point,AK
UGI,Uganik,AK
UGN,Waukegan,IL
UGS,Ugashik,AK
UIN,Quincy,IL
UKI,Ukiah,CA
ULM,New Ulm,MN
ULS,Ulysses,KS
UMB,Umnak,AK
UMM,Summit,AK
UMT,Umiat,AK
UNK,Unalakleet,AK
UNS,Umnak,AK
UNU,Juneau,WI
UOS,Sewanee,TN
UOX,Oxford,MS
UPP,Upolo Point,HI
UQE,Queens,AK
USA,Concord,NC
USI,Usibelli,AK
UST,St. Augustine,FL
UT1,Heber,UT
UT2,North Salt Lake,UT
UT3,Spanish Fork,UT
UTM,Tunica,MS
UTO,Utopia,AK
UUK,Kuparuk,AK
UVA,Uvalde,TX
UXA,Lik Camp,AK
UXC,Hawley,MN
UXD,Chowchilla,CA
UXE,Faulkton,SD
UXF,St. Anthony,ID
UXG,Dutch John,UT
UXI,Calder Bay,AK
UXJ,Richmond,KY
UXK,Petaluma,CA
UXL,Chariot,AK
UXM,47-Mile Mine,AK
UXN,Prestonsburg,KY
UXO,Fitchburg,MA
UXP,Bay St. Louis,MS
UXR,Monument Valley,UT
UXS,Cimarron,KS
UXT,Lorain/Elyria,OH
UXU,Cheboygan,MI
UXV,Enterprise,OR
UXW,Cookeville,TN
UXX,Hot Springs,MT
UXY,Circle,MT
UXZ,Garrison,ND
VA1,Emporia,VA
VA2,Chesapeake,VA
VA3,Marion/Wytheville,VA
VA4,Leesburg,VA
VA5,Richmond,VA
VA6,Moneta,VA
VA7,Bridgewater,VA
VA8,Richmond,VA
VA9,Norfolk,VA
VAD,Valdosta,GA
VAK,Chevak,AK
VBG,Lompoc,CA
VCB,View Cove,AK
VCT,Victoria,TX
VCV,Victorville,CA
VDI,Vidalia,GA
VDZ,Valdez,AK
VEE,Venetie,AK
VEL,Vernal,UT
VEO,Versailles,MO
VGC,Hamilton,NY
VGT,Las Vegas,NV
VHN,Van Horn,TX
VIH,Vichy,MO
VIK,Kavik River,AK
VIS,Visalia,CA
VJI,Abingdon,VA
VKS,Vicksburg,MS
VLD,Valdosta,GA
VNC,Venice,FL
VNY,Van Nuys,CA
VOK,Camp Douglas,WI
VPC,Cartersville,GA
VPS,Valparaiso,FL
VPZ,Valparaiso,IN
VQQ,Jacksonville,FL
VRB,Vero Beach,FL
VSF,Springfield,VT
VT1,West Dover,VT
VT2,Warren,VT
VTN,Valentine,NE
VUJ,Albemarle,NC
VUO,Vancouver,WA
VWA,Headland,AL
VWB,Myrtle Creek,OR
VWC,Gallatin,TN
VWD,Hanford,CA
VWE,Chelan,WA
VWF,Custer,SD
VWG,Garibaldi,OR
VWH,Midland/Odessa,TX
VWI,California City,CA
VWJ,Cameron,SC
VWK,Saratoga Springs,NY
VWL,Bemidji,MN
VWM,Weed,CA
VWN,Parker,AZ
VWO,Arlington,WA
VWP,Bernard,ID
VWQ,Lodi,CA
VWR,Independence,CA
VWS,Wichita,KS
VWT,Americus,GA
VWW,Deer Lodge,MT
VWX,Hondo,TX
VWZ,Granite Creek Mine,AK
VYS,Peru,IL
VZA,Marvel Creek Mine,AK
VZB,Mitrofania,AK
VZC,Mush Bay,AK
VZD,Campbell Lagoon,AK
VZE,Frazer Lake,AK
VZF,Afognak Straits,AK
VZG,Moffet Bay,AK
VZH,Mineola,TX
VZI,Brundidge,AL
VZJ,Payette,ID
VZK,International Seafoods,AK
VZL,Los Alamitos,CA
VZM,Jensens Strip,AK
VZN,Wildman Creek,AK
VZO,Stepovak,AK
VZQ,Puale Bay,AK
VZR,Katmai Bay,AK
VZS,Kashvik Bay,AK
VZT,Cinder Mountain,AK
VZU,Hagemeister Island,AK
VZV,Cape Peirce,AK
VZW,Cape Greig,AK
VZY,Katmai Lodge,AK
VZZ,South St. Paul,MN
WA1,Camp Orkila Eastsound,WA
WA2,Mansfield,WA
WA3,Shaw Island,WA
WA4,Medical Lake,WA
WA5,Winthrop,WA
WA6,Stehekin,WA
WA7,Chelan,WA
WA8,Eastsound,WA
WA9,Brewster,WA
WAA,Wales,AK
WAL,Chincoteague,VA
WAR,Warsaw,IN
WAS,Washington,DC
WAX,Warroad,MN
WBB,Stebbins,AK
WBH,Commerce/Montebello,CA
WBN,Woburn,MA
WBQ,Beaver,AK
WBR,Big Rapids,MI
WBS,Bennettsville,SC
WBY,Downtown,CA
WCL,Whalers Cove Lodge,AK
WCR,Chandalar,AK
WDB,Wide Bay,AK
WDG,Enid,OK
WDR,Winder,GA
WFB,Ketchikan,AK
WFK,Frenchville,ME
WGO,Winchester,VA
WHD,Hyder,AK
WHP,Los Angeles,CA
WHR,Eagle,CO
WHT,Wharton,TX
WI1,Black River Falls,WI
WI2,Phillips,WI
WI3,Ehpriam,WI
WI4,Middleton,WI
WI5,Moroe,WI
WI6,Waupaca,WI
WI7,Baraboo,WI
WIB,Wilbur,WA
WJF,Lancaster,CA
WKK,Aleknagik,AK
WKL,Waikoloa Village,HI
WKV,Philadelphia,PA
WLB,Labouchere Bay,AK
WLD,Winfield,KS
WLK,Selawik,AK
WLM,Waltham,MA
WLR,Loring,AK
WLW,Willows,CA
WMC,Winnemucca,NV
WMH,Mountain Home,AR
WMK,Meyers Chuck,AK
WMO,White Mountain,AK
WNA,Napakiak,AK
WNC,Tuxekan Island,AK
WOD,Wood River,AK
WOW,Willow,AK
WPO,Paonia,CO
WQA,Ovid,NY
WQB,Mandan,ND
WQC,Hamilton,MT
WQD,Tulelake,CA
WQE,Dinsmore,CA
WQF,Rigby,ID
WQG,Hesperia,CA
WQH,Dorris,CA
WQI,Connell,WA
WQJ,Peard Bay,AK
WQK,Townsend,MT
WQL,Bluff,AK
WQM,Lake Charles,LA
WQN,Campbellsville,KY
WQO,Rosamond,CA
WQP,Oceano,CA
WQQ,Fairburn,SD
WQR,Naknek,AK
WQS,Poplar,MT
WQT,Bridger,MT
WQU,Portales,NM
WQW,David River,AK
WQX,Kiavak,AK
WQY,Port Wakefield,AK
WQZ,Chignik Lake,AK
WRB,Macon,GA
WRG,Wrangell,AK
WRI,Fort Dix,NJ
WRL,Worland,WY
WSB,Steamboat Bay,AK
WSG,Washington,PA
WSH,Shirley,NY
WSI,Wasilla,AK
WSJ,San Juan,AK
WSM,Wiseman,AK
WSN,South Naknek,AK
WST,Westerly,RI
WSX,Westsound,WA
WTC,New York,NY
WTK,Noatak,AK
WTL,Tuntutuliak,AK
WTR,Whiteriver,AZ
WTT,Whittier,AK
WUJ,Duchesne,UT
WUQ,Ocean Shores,WA
WV1,Charleston,WV
WV2,Logan,WV
WVA,Falls Church,VA
WVI,Watsonville,CA
WVL,Augusta/Waterville,ME
WWA,Wasilla,AK
WWD,Cape May,NJ
WWP,Whale Pass,AK
WWR,Woodward,OK
WWT,Newtok,AK
WY1,Pinedale,WY
WYB,Yes Bay,AK
WYS,West Yellowstone,MT
XES,Lake Geneva,WI
XMD,Madison,SD
XNA,Fayetteville,AR
XRS,Reston,VA
XSD,Tonopah,NV
XSM,Leonardtown,MD
XT1,New Braunfels,TX
XT2,Bridgeport,TX
XT3,Granbury,TX
XT4,Fulton,TX
XWA,Williston,ND
XWC,Yantarni Bay,AK
XWE,Copalis,WA
XWF,Jerome,ID
XWH,Aztec,NM
XWJ,Dexter,ME
XWK,Port Orchard,WA
XWL,Blackfoot,ID
XWN,Jupiter,FL
XWO,Kimball,NE
XWS,Oliktok,AK
XWT,Nushagak Bay,AK
XWU,Marion,AL
XWW,Driggs,ID
XXD,Clarendon,TX
XXE,Lakewood,NJ
XXG,Cambridge,MA
XXN,Willits,CA
XXO,Hurricane,UT
XXP,Lakeport,CA
XXR,Mariposa,CA
XXS,Creswell,OR
XXT,Polson,MT
XXU,Ashland,OR
XXV,Decatur,WA
XXW,Lake City,FL
XXX,Mena,AR
XXY,Fortuna,CA
XXZ,Zuni Pueblo,NM
YAK,Yakutat,AK
YIP,Detroit,MI
YKM,Yakima,WA
YKN,Yankton,SD
YNG,Youngstown/Warren,OH
YUM,Yuma,AZ
ZBX,Branson,MO
ZNC,Nyac,AK
ZXB,Albuquerque,NM
ZXC,Gasquet,CA
ZXF,Illinois Creek,AK
ZXH,Chomondely Sound,AK
ZXI,Coal Bay,AK
ZXJ,Happy Harbour,AK
ZXK,Lancaster Cove,AK
ZXL,Reid Cove,AK
ZXM,Saltery Cove,AK
ZXN,Clover Bay,AK
ZXO,El Capitan,AK
ZXP,Salmon Bay Lake,AK
ZXQ,Santa Ynez,CA
ZXT,Cloverdale,CA
ZXU,North Kingstown,RI
ZXV,Nappanee,IN
ZXW,Paradise,CA
ZXX,Kennewick,WA
ZXY,Delta,CO
ZXZ,Waterville,WA
ZZV,Zanesville,OH
